{
  "version": 1,
  "author": "Vinay Goth",
  "editor": "wokwi",
  "parts": [
    {
      "type": "wokwi-pi-pico",
      "id": "pico",
      "top": 92.85,
      "left": -82.8,
      "attrs": { "env": "micropython-20231227-v1.22.0" }
    },
    { "type": "wokwi-mpu6050", "id": "imu1", "top": 61.42, "left": -180.08, "attrs": {} }
  ],
  "connections": [
    [ "pico:3V3", "imu1:VCC", "green", [ "h-94.8", "v-19.2" ] ],
    [ "pico:GND.1", "imu1:GND", "black", [ "h-38.4", "v-57.6" ] ],
    [ "pico:GP5", "imu1:SCL", "green", [ "h-48", "v-96" ] ],
    [ "pico:GP4", "imu1:SDA", "green", [ "h0" ] ]
  ],
  "dependencies": {}
}